[Header],,,,,,,,
IEMFileVersion,5,,,,,,,
Investigator Name,John Appleseed,,,,,,,
Experiment Name,LSDV_AMPLICON_RUN01,,,,,,,
Date,16/06/2023,,,,,,,
Workflow,Assembly,,,,,,,
Application,Assembly,,,,,,,
Instrument Type,MiSeq,,,,,,,
Assay,Nextera DNA Flex,,,,,,,
Index Adapters,IDT-ILMN Nextera DNA UD Indexes (96 Indexes) Set D,,,,,,,
Description,LSDV Amplicon,,,,,,,
Chemistry,Amplicon,,,,,,,
[Reads],,,,,,,,
76,,,,,,,,
76,,,,,,,,
[Settings],,,,,,,,
ReverseComplement,0,,,,,,,
kmer,31,,,,,,,
Adapter,CTGTCTCTTATACACATCT,,,,,,,
[Data],,,,,,,,
Sample_ID,Sample_Name,Sample_Plate,Sample_Well,Index_Plate_Well,I7_Index_ID,index,I5_Index_ID,index2
LSD01,LSD01,,,A03,UDP0305,ATACATCACA,UDP0305,TCTCCATTGA
LSD02,LSD02,,,B03,UDP0306,TAGGTATGTT,UDP0306,CGAGACCAAG
